ra,dec,sep
209.4390501,-0.293125741,2
121.8775773,45.07725006,2
124.7562704,46.14302438,2
183.8494612,0.143010283,2
189.8108169,-2.207313947,2
200.4798015,-0.542132298,2
213.454649,-0.775199187,2
217.7868735,-0.253086099,2
189.0564334,-2.166943736,2
187.6665677,1.151110515,2
166.8665539,-2.810278312,2
226.4240643,59.43849269,2
199.9993307,0.321563024,2
163.8645762,-0.471310898,2
159.7301819,-1.559134937,2
161.6120674,0.658036513,2
235.4392948,52.4796375,2
58.03838266,0.117741601,2
198.4881114,0.027605611,2
153.3002399,1.247054305,2
149.6134699,0.382478783,2
144.0495067,0.510030667,2
48.1969454,-7.48166538,2
147.5829905,0.309698909,2
80.52922931,3.147786187,2
162.1936111,0.223653293,2
191.7998116,0.187785414,2
138.4096111,-1.11907949,2
245.8951381,-0.459209559,2
224.3551616,60.41543977,2
188.2050492,0.085289652,2
180.7975346,64.77101465,2
185.2807974,0.047531708,2
123.9607572,45.65407917,2
162.0998175,-0.884226687,2
123.8841725,46.99420517,2
192.4419073,1.020352682,2
8.698606436,13.82148387,2
26.40324868,14.92818307,2
148.9483249,0.792266619,2
187.9517942,0.171167753,2
194.3109707,0.127571127,2
150.2184064,0.261476415,2
40.27292652,0.606063786,2
220.3376748,-0.75953957,2
186.2451415,0.005975095,2
155.4578025,-0.169258688,2
22.17990073,13.54468026,2
147.7792915,0.22629139,2
185.0530442,-1.856900248,2
172.3373961,64.72732267,2
184.3144527,0.162491263,2
137.6673787,0.553087411,2
152.4393688,0.395772093,2
168.8589294,64.45384519,2
184.0306193,-2.238253714,2
234.0908072,0.57051826,2
126.7198425,48.4121391,2
178.3072781,-2.26341439,2
219.977771,0.593665243,2
196.2761261,0.021787297,2
226.3134379,0.452933088,2
218.3468477,-0.794494427,2
57.59893187,0.063616981,2
146.5523146,0.286971028,2
128.9759057,49.78497374,2
192.7154163,0.088572847,2
198.9010429,1.247194628,2
19.73623829,14.78017991,2
142.1344851,58.40954782,2
234.0944428,0.008796552,2
50.24264162,-6.705437191,2
71.23719529,-0.135965029,2
58.70159491,0.071258248,2
184.0542661,64.79416951,2
198.8971369,-0.060851196,2
188.1790775,-0.154572011,2
28.3616462,14.85398571,2
177.6006144,64.68904322,2
155.8528432,-0.165606488,2
160.5177999,-0.191950403,2
149.2168793,1.048603637,2
221.4424045,0.104650298,2
193.5273892,0.074840414,2
189.0117805,0.395444587,2
178.8981789,-1.542799362,2
182.7898635,-1.303569352,2
139.893481,-0.503212333,2
21.13121368,14.16053353,2
99.8426451,-0.19652562,2
125.9082379,-1.102768043,2
164.1306024,-0.066984244,2
202.0273582,0.069326081,2
20.1884075,14.79277615,2
20.58166022,14.19961118,2
143.9621276,0.664973493,2
158.6496659,0.316535408,2
212.5769442,-0.683165925,2
152.9160851,0.677643937,2
140.0158366,0.489743674,2
55.42610314,-5.344184825,2
152.6407653,-0.186118834,2
127.0816845,-1.249097487,2
179.0651746,65.26837507,2
121.7084872,0.874751415,2
169.103576,-1.343377576,2
125.3500106,47.12672942,2
178.6405876,-1.59152477,2
169.0587314,64.48723366,2
199.1726209,-0.240370046,2
147.1368411,0.307175887,2
44.56133442,-8.68299754,2
149.821067,1.153465114,2
184.6484956,0.075789186,2
140.8041201,0.552719964,2
235.6775307,0.585049566,2
223.5340646,-0.901700514,2
212.3584427,-0.237522527,2
28.08388915,13.05678504,2
27.88785062,14.26046123,2
161.3243118,0.217778202,2
197.2137451,1.247757023,2
195.4476238,-0.290306637,2
260.3757156,26.56719523,2
189.6037702,0.30960702,2
172.7946456,-2.148640875,2
177.3654107,-2.579903696,2
199.1086312,-0.147902029,2
166.4783122,-0.447759505,2
207.589107,-1.063119327,2
25.39029032,13.36565138,2
24.19825825,13.92455805,2
241.8783446,0.09217202,2
229.0297903,-0.262194443,2
188.0645476,-2.672174316,2
194.1318641,-1.834320771,2
172.7968885,-0.004124099,2
167.5750664,1.071089426,2
169.63722,-0.868687829,2
171.0074689,-3.553452243,2
223.2260575,-0.807255594,2
196.4803484,0.396468674,2
124.3726511,45.93258668,2
144.5528061,-0.591975119,2
150.0908807,0.834943928,2
221.8792653,-0.355245413,2
125.0769001,46.71079328,2
11.68327267,14.15876701,2
172.7941512,-0.13376386,2
187.9739806,0.184403285,2
234.0346079,53.26757768,2
150.6189167,0.266237171,2
8.723984982,14.31557666,2
184.8635981,0.143469363,2
232.461007,54.22185314,2
234.0695244,0.526663933,2
123.4278032,0.918311466,2
172.9396036,-2.629716389,2
227.3723579,0.518608625,2
235.803226,0.495354921,2
145.9954917,0.440286064,2
180.7261919,-0.546554927,2
161.1981592,-0.506449336,2
157.533579,-3.184461652,2
56.53607966,0.889746224,2
247.9992702,1.215437651,2
196.9669163,-1.708464905,2
155.0049027,0.821118891,2
206.5543541,-0.720747703,2
19.27161228,15.49216578,2
217.623335,-0.668507255,2
218.7731838,-0.68798038,2
129.2134515,49.76905818,2
155.8151759,-0.125655249,2
121.1130128,46.88129254,2
120.5178468,43.78993673,2
210.4817365,-0.669466464,2
217.0294747,-0.783950797,2
194.502375,0.136920431,2
155.4304369,1.241211152,2
221.0641256,0.587618415,2
186.563753,0.871418276,2
143.2265852,58.48887002,2
27.98708231,14.25162841,2
152.7538567,0.344292487,2
151.3979203,0.736610137,2
22.53801368,14.75469734,2
161.8112567,-1.020950417,2
40.58203234,0.134770091,2
130.3008117,-1.082323116,2
198.7400322,-0.517627242,2
160.7710755,0.358643704,2
216.0531224,-0.370557583,2
40.29925582,0.440899148,2
134.3471927,-0.256757402,2
126.2496923,48.03725267,2
138.9014054,-0.689659746,2
161.1973477,-0.466289109,2
27.66537681,14.89159762,2
231.1354396,-0.757219898,2
213.4298929,-0.375838494,2
209.7630532,-0.939979262,2
197.2990316,0.275832105,2
213.322356,-0.676011422,2
185.4671408,0.288508675,2
25.34759234,14.41681955,2
245.6700027,0.790872233,2
164.4757148,-0.434133807,2
164.7332908,0.741268424,2
224.2937445,-0.648333194,2
233.8294793,0.452272908,2
137.5218123,56.27942288,2
167.2546362,-0.473813859,2
170.4243816,-0.591152159,2
164.7461512,0.223555086,2
158.4008929,-0.146385106,2
231.9973998,-0.748278395,2
158.7960133,0.279179558,2
112.9985619,36.05239837,2
132.973512,0.588603905,2
55.58045304,0.970661447,2
207.2433964,-0.728891128,2
59.18804861,-4.733052612,2
48.86713062,-7.299670563,2
56.35196103,-5.963232161,2
209.3210135,0.126403973,2
184.1626038,0.176889567,2
162.5640728,0.633965558,2
189.4212187,-1.672713203,2
152.5481154,0.375452247,2
199.6480318,0.625519643,2
149.3370532,0.700430964,2
198.3992986,-1.903510304,2
120.7886636,43.75236108,2
161.972097,63.49662044,2
172.5706715,-0.973026836,2
205.457507,-0.82180514,2
161.1447367,-0.971934243,2
26.67753877,13.17444975,2
122.0797772,45.31944073,2
133.9099167,0.519504258,2
133.6303434,-0.614062337,2
56.23423672,0.222159905,2
213.7922993,-0.119640723,2
156.0817306,-0.088743736,2
199.5389707,0.222845541,2
55.63054798,-7.239987896,2
59.37026902,-4.758665241,2
26.39317052,14.52694224,2
141.4459493,57.68075159,2
23.68448698,14.55484486,2
195.8646213,-1.78856587,2
21.91737747,13.67369417,2
243.1796822,-1.050327808,2
192.8622609,-2.515037043,2
185.3758922,0.1640056,2
162.4236818,-0.878457919,2
203.5856242,-1.129076967,2
147.9647083,0.658327868,2
26.02330934,14.46309964,2
189.7646979,-0.821036733,2
192.4795397,64.62677178,2
122.7104459,0.983723104,2
183.1047001,-1.242807027,2
161.5976813,-0.123725938,2
122.7645601,45.74064523,2
220.3767346,0.025975275,2
172.337322,-1.278306288,2
234.537385,0.213515846,2
21.80950035,13.29322768,2
249.2360678,-0.894839977,2
194.3464947,-3.366492077,2
166.1954752,0.81107542,2
184.1413179,1.125802687,2
171.9267408,-0.603262433,2
178.3134605,-3.427130814,2
169.7843423,-2.15363425,2
173.5184917,-1.665809607,2
186.57943,0.054573323,2
173.7165916,-0.612187853,2
123.2373842,0.935697363,2
199.5105455,0.356594142,2
207.1249786,-0.633180333,2
150.1911975,0.35768494,2
180.7003778,-0.906372836,2
153.7798877,1.180843302,2
22.45937173,13.51003273,2
24.00607147,15.17811273,2
199.880723,0.047988408,2
178.2616343,-2.601228715,2
157.9677297,62.62549208,2
58.29334985,-4.928904005,2
151.5088478,1.201161784,2
190.615621,0.048211745,2
24.32350311,14.40664964,2
227.963761,0.455911145,2
157.7078109,-0.116168407,2
196.5306914,-1.42628433,2
19.18247291,15.57887528,2
21.63501625,13.56132956,2
165.9997767,-0.438785116,2
160.9235125,-0.062533404,2
168.5674968,-2.818155116,2
173.4527257,-0.568891285,2
198.0689308,-1.060800513,2
159.7978416,-0.557196466,2
193.6352903,-1.423461153,2
140.6683684,0.489348713,2
165.2418025,-0.107943119,2
148.07898,0.348317594,2
216.2965758,-0.641942942,2
62.55287468,-5.868980061,2
215.609393,0.591072173,2
24.73232488,14.53444391,2
23.20273766,14.3236149,2
52.4937136,-7.32829485,2
168.2156807,-2.839246471,2
171.2865904,-0.208249766,2
188.9390371,-1.119874696,2
87.37763613,0.665285022,2
247.9704252,0.382011231,2
146.1167718,0.476689027,2
195.2487567,0.092681446,2
178.9434932,-1.524129242,2
188.1041448,0.055451354,2
189.5864954,0.169974095,2
162.5862969,-0.873837222,2
134.2967668,53.1043887,2
81.51103556,2.903725077,2
221.8426263,0.476522254,2
138.4284934,0.55493674,2
122.5213487,45.55235128,2
123.2732034,-1.113727833,2
244.4134147,-1.25614004,2
173.6541955,-0.890481959,2
10.61780238,14.68294405,2
209.7531345,-0.682586176,2
12.92128323,15.81434124,2
242.6106444,-0.200509163,2
83.66626703,0.125603164,2
173.6554584,-0.068461234,2
161.1426397,-0.434574053,2
123.0971047,-1.112448929,2
152.5672169,-0.074787263,2
170.0545552,-0.947888147,2
25.63118614,13.32521874,2
149.6115123,1.143745194,2
159.059542,-0.15901912,2
177.4208192,-1.330871443,2
241.5474193,0.715441385,2
162.1093074,-0.843016717,2
225.2113794,-0.694173324,2
183.9186742,0.071027128,2
118.9088054,44.91487112,2
167.6710391,-1.283530238,2
239.4634455,-0.454633063,2
173.000564,-0.076829514,2
209.7063603,0.04729119,2
171.421381,-1.504505273,2
198.9196894,-0.115148095,2
29.61301022,13.00162755,2
221.311392,-0.739079446,2
150.1920095,0.279311232,2
167.1562809,-2.058120001,2
206.5732781,-0.812073957,2
168.7645236,-0.460188175,2
186.897308,0.164723511,2
181.3996594,64.92350705,2
143.2086897,0.440277216,2
165.3654014,0.264599055,2
223.2754967,0.939060989,2
124.1577656,45.58488619,2
156.4443013,62.30881035,2
188.5051878,0.410367625,2
193.0132065,-1.64406952,2
157.1386975,0.235998003,2
185.0182247,-0.427511835,2
129.7987958,50.39503246,2
223.6467528,0.530286182,2
209.5063774,-0.663075566,2
28.63675932,12.67100884,2
182.9016599,-2.503208319,2
172.2089835,-1.626565151,2
122.4679083,48.12984236,2
155.9764091,62.26373596,2
113.8459093,37.26560648,2
121.46484,44.74107628,2
157.9228671,-0.068742097,2
241.0019616,1.166071419,2
198.4605195,-1.935512986,2
124.1262859,45.80161857,2
32.42557133,14.39133306,2
232.5490472,0.62643655,2
145.8793435,0.299512595,2
143.9850268,58.68071186,2
179.9836638,0.418000985,2
160.4822578,-0.003500413,2
186.9073989,0.216709053,2
244.682392,0.794944111,2
156.1920987,0.34839401,2
198.6102076,1.095902219,2
215.6371193,-0.751332777,2
174.0446808,-1.417562163,2
194.7201532,1.163059878,2
154.924402,0.388865097,2
173.3720325,-0.027484228,2
11.43147145,13.77010552,2
177.6157855,-0.558205891,2
170.482435,-0.481134029,2
173.8973186,-0.616336885,2
24.65043263,14.27632879,2
174.1922352,-0.564074658,2
237.8065756,-0.039713887,2
196.2169472,-3.321931424,2
185.0118261,64.8776647,2
238.3526125,-0.150726581,2
33.89497041,14.20989687,2
29.89396545,13.26012742,2
29.74020601,12.53827431,2
220.8339034,-0.668212905,2
154.0320143,0.27203663,2
125.780427,47.16162041,2
156.0293164,0.409284482,2
248.2612725,0.784176897,2
194.4160808,-0.98954794,2
158.8339951,1.05822045,2
202.3247241,65.31330457,2
203.4855367,0.039853675,2
164.5775194,-1.028945137,2
177.7657734,-0.52681359,2
200.2160591,0.562069566,2
120.9188947,44.1366089,2
183.1687358,0.971160117,2
163.3377611,-0.130016763,2
52.11787894,-6.900739502,2
47.47320952,-6.566491525,2
166.2661406,-0.926574423,2
120.6824087,46.98608429,2
173.4139938,-1.503693602,2
179.1719609,-1.597143556,2
223.8280769,0.606165184,2
231.2618336,0.631171765,2
164.8382409,-1.033603916,2
157.7417564,-0.092597114,2
182.302847,0.352604993,2
27.91368512,14.79873508,2
224.0940848,0.455338731,2
25.98490437,13.21306995,2
139.320455,-0.425889883,2
170.4535459,-0.454658024,2
30.40063761,14.47284008,2
225.4064338,0.62409079,2
196.3152007,0.36796643,2
171.0481234,-0.514781215,2
211.1499171,-0.776374613,2
227.8572589,-0.233363853,2
179.9270117,64.73867064,2
160.1264915,-0.089296617,2
122.3488594,45.48928496,2
215.5973423,-0.63228322,2
130.773693,51.07977748,2
178.5172371,0.238787431,2
159.7288646,-0.187610485,2
25.41066513,13.41704995,2
27.69285097,14.14594302,2
221.1499906,-0.651617856,2
228.1817468,0.50717519,2
171.2850358,-3.573698398,2
182.7202635,-1.418838541,2
225.1097801,-0.657752236,2
25.68905131,13.26288664,2
178.1992938,64.63766164,2
28.70900016,13.07300855,2
142.9697523,-0.755267804,2
117.9018114,43.92127402,2
153.6309134,0.390866991,2
162.9529542,-0.537271819,2
201.4595464,-0.301355784,2
160.9070877,63.29430195,2
199.3339917,-0.584540134,2
230.6498635,0.569218795,2
152.7017907,1.158748951,2
148.9310285,1.093843888,2
224.3679127,0.492218127,2
188.1942647,-1.61108036,2
152.7871361,0.357537894,2
194.0327659,0.035496094,2
161.4724507,0.772203659,2
170.9770079,-3.327937158,2
9.870421001,14.64739269,2
236.4439048,0.557943788,2
165.2135799,-0.847783594,2
185.2014472,-1.710497892,2
56.15528657,0.884821438,2
121.8927399,47.7387985,2
160.9147595,-0.528091547,2
177.2283124,-2.608759533,2
21.3394104,13.64483388,2
168.9379165,-2.900579908,2
123.3979943,0.996953822,2
162.0756395,-0.582039698,2
199.3783843,-1.234136425,2
186.1015703,0.133333943,2
198.5097196,-1.984959079,2
173.8252644,-0.515007937,2
156.3575976,-0.507246646,2
222.3927505,0.605170014,2
178.0061733,-1.661022571,2
207.8041934,-0.675330252,2
171.0485983,-3.617941135,2
27.35955319,14.1922667,2
21.81265238,14.70840449,2
143.7497411,0.823706331,2
189.449515,0.134739445,2
10.36164583,14.54185811,2
120.1163684,1.363435684,2
158.2063177,0.321811088,2
163.1137369,0.760859723,2
160.6070698,-0.577348096,2
113.6205091,37.12208956,2
26.76745762,13.32854865,2
171.7998176,-0.850562615,2
10.32754782,13.76929414,2
184.575828,0.009766283,2
182.5651438,-1.718755779,2
8.340722259,14.27402295,2
123.3568844,0.90506131,2
43.95048835,-7.406513574,2
184.7307761,-3.625480049,2
158.999212,62.95340864,2
196.2128902,0.317439033,2
183.4562002,0.911030796,2
222.6287311,0.610314038,2
138.2271699,-0.608383294,2
129.46383,0.988476586,2
148.9448489,1.125628068,2
163.9981812,1.226754746,2
21.65836045,13.73736623,2
185.3225,-1.461788646,2
194.0238709,0.897547676,2
157.2207045,62.64883991,2
175.0285774,-0.465847943,2
162.9294162,-3.173732515,2
210.6484979,64.52196748,2
158.5884299,-0.625645175,2
183.7743121,-0.268269324,2
198.4661629,-0.613687127,2
22.82906004,14.53359934,2
189.2081438,-0.990360079,2
146.7832038,-0.829566133,2
81.42166566,2.818311402,2
162.8262357,0.217435136,2
139.3166911,-0.515968442,2
138.8289368,56.5430828,2
155.5294436,6.00E-05,2
164.0774964,1.133323886,2
150.6491181,0.677043507,2
142.6176023,-0.516039995,2
138.1983318,-0.788163809,2
24.09802651,14.6243728,2
55.42368676,1.000931535,2
28.49705623,13.16600467,2
142.9435345,58.82425084,2
166.2897883,64.16503516,2
121.0667692,44.32033892,2
187.8267208,1.240312883,2
56.67937868,0.981203828,2
48.83031928,-6.892600056,2
153.5983424,-0.077701679,2
150.3465118,0.816583355,2
138.3598206,-0.347713501,2
132.4474434,0.600950984,2
149.8245501,0.371977689,2
152.8279131,-0.007480445,2
145.9784631,0.294962377,2
194.9144103,-0.516028784,2
219.3434623,0.426948573,2
223.9391112,0.064038045,2
208.3037578,-1.070576136,2
198.0932434,-1.846977878,2
80.79654274,1.20981436,2
80.65996699,2.508809016,2
173.4127677,-1.502262613,2
56.31589847,0.883089668,2
192.8808775,-1.405046376,2
161.4125858,-0.597454644,2
165.2079984,-2.441469316,2
210.5223793,-0.744253915,2
171.6934789,-1.571645155,2
171.43872,-1.552835169,2
24.17589278,15.16099365,2
245.2304576,0.44834181,2
181.7280358,-0.603292693,2
189.1808909,-3.11304872,2
125.8418682,47.09047968,2
222.1312591,0.497989734,2
164.6062201,-0.975627525,2
128.8113555,49.6241459,2
179.8687055,-0.589611657,2
183.3612067,-2.176454787,2
244.7162873,1.181679194,2
237.600194,-0.019071682,2
200.6759873,0.025725857,2
167.0835086,67.40194262,2
23.41891569,13.55288639,2
22.42054158,14.66465345,2
152.6502751,0.25371953,2
189.2213621,-0.633879627,2
189.3739491,0.909339416,2
179.5404049,-1.631757907,2
26.65074898,14.26598628,2
22.87661088,-3.37502881,2
162.1369261,0.760431801,2
120.0462157,43.29607351,2
136.6719031,58.94075614,2
87.00869402,-0.531642577,2
121.6308245,44.88641962,2
193.6370852,0.197539769,2
56.01133909,0.996469349,2
186.9355457,-1.031468529,2
188.3683469,-1.84428127,2
162.436182,0.287642043,2
56.49906156,0.97247944,2
29.51877475,12.98119892,2
177.7982091,-1.474672996,2
208.6620072,-0.811594394,2
161.9793184,-0.107278779,2
142.7177304,0.583032049,2
142.3791713,0.530465884,2
152.7203916,0.837312596,2
188.7400068,-1.764025712,2
174.5014598,-0.195685727,2
198.8324994,1.259812783,2
113.4748105,36.67610135,2
161.0077318,-0.066046733,2
133.2588152,0.601124526,2
142.8608853,61.40687252,2
204.7134675,64.08217982,2
153.4961219,-0.081581072,2
186.8990813,-1.209103005,2
164.3930911,0.660019809,2
147.9269681,0.757747798,2
200.4725314,0.049021696,2
235.1580883,52.78035078,2
260.6477122,25.99044136,2
218.0017905,1.033634395,2
184.8895855,-1.478592909,2
145.8724742,-1.14441312,2
113.4102981,36.67119742,2
211.5424295,-0.690485959,2
121.1630694,47.47281601,2
166.4806566,1.125632766,2
172.3983224,-0.892245482,2
158.8483406,62.85815338,2
170.7050227,-1.741717862,2
192.838729,-1.329277957,2
162.7316641,-0.905597484,2
127.3941592,49.92171636,2
124.1460821,45.71067245,2
167.3409962,64.2929919,2
220.4755553,0.600039443,2
168.5619394,-0.535846857,2
169.4918634,-1.033725431,2
166.7044793,-2.836500049,2
140.1757027,57.65320892,2
161.0244718,-0.962380281,2
204.2547012,-1.084925522,2
207.0643584,-0.732765814,2
170.3856743,-0.527629122,2
165.1175136,-0.9557674,2
243.1113434,0.771271664,2
172.7800806,64.84307869,2
24.51427708,13.54139193,2
209.6317534,63.24873914,2
185.3033866,0.051997105,2
128.8983864,49.80995018,2
121.0010522,47.20600144,2
58.37049431,0.054189024,2
230.3885576,0.161804447,2
171.8316201,-0.547968423,2
244.4979931,-0.065421744,2
166.9764956,-0.069638827,2
150.685735,0.726975202,2
174.8021072,-0.999189713,2
167.21981,-0.006882272,2
148.8051982,0.825901832,2
57.31752312,0.057783314,2
28.59133529,14.70610828,2
163.0591148,0.663526127,2
122.2777023,45.55431309,2
167.1282964,1.054937232,2
86.9123557,0.64341293,2
140.3162154,0.507220965,2
61.54326101,-5.249010615,2
169.1091383,-0.960986391,2
245.0465598,48.90442211,2
26.11346511,13.21292994,2
186.6271797,-1.504051869,2
191.794542,0.18485555,2
160.9174276,-0.003189718,2
233.308915,0.498348819,2
199.8736181,-0.518172136,2
26.11005335,13.22738122,2
130.7879063,51.07272864,2
220.8617559,-1.136685787,2
164.4157628,0.757637418,2
169.207257,-2.973055752,2
56.0165269,0.862771102,2
171.7270479,-0.569082999,2
152.6057531,61.40227058,2
180.6483041,-1.489923909,2
184.2789384,-0.283072427,2
26.67771913,14.30401555,2
199.9136536,0.140356225,2
29.4081566,12.96811039,2
47.5422538,-7.047955601,2
158.7096556,-0.111590258,2
123.6570024,0.898584929,2
217.7458647,0.583003419,2
221.6754259,0.089714,2
162.7141895,-1.005200603,2
145.593982,-0.385593861,2
124.5605221,-0.391113961,2
147.1881811,0.76446654,2
177.9542398,-1.806593273,2
146.4141086,0.768553274,2
135.0510552,-0.333389273,2
228.6849851,0.431102474,2
125.4703494,47.06420685,2
246.0414354,48.03581668,2
143.6648403,0.464466996,2
166.1665968,-0.005137542,2
49.37390396,-7.279080527,2
128.4888451,54.02011351,2
193.1627741,64.65772867,2
193.9801368,0.13367354,2
55.04090791,0.965356093,2
233.8471275,-0.811956639,2
123.5514027,46.62900941,2
43.12055275,-8.106769639,2
148.6366434,0.663616841,2
150.5209533,0.655134555,2
150.7944649,0.679043204,2
173.6658282,68.12391983,2
133.8498709,0.561477658,2
147.7672062,0.751171604,2
204.204628,-0.349259904,2
44.38661274,0.946891318,2
50.91716772,0.901690437,2
193.1370146,64.63242177,2
174.4697628,-0.625060994,2
155.3247815,-2.655107952,2
199.0697758,-0.082224937,2
207.3253812,-0.667979258,2
160.981036,63.22433129,2
194.8836726,-1.76299861,2
143.5472394,0.423175006,2
26.16625734,13.29895372,2
222.2867267,0.439344856,2
28.86370182,13.02175292,2
124.2312329,45.94271028,2
233.7931689,0.197911697,2
198.4622837,0.10872158,2
220.9496852,-0.805567077,2
246.020743,-0.877447933,2
195.242242,1.097673021,2
190.2352084,64.88286001,2
144.4378622,-0.558947524,2
157.4211878,-0.006401376,2
149.8028737,0.814882399,2
181.6383784,64.75485449,2
191.726162,-0.583234184,2
147.8074627,0.307226575,2
128.5013992,49.19296323,2
157.8395383,-2.653596025,2
10.37447194,14.61961841,2
180.0265268,-0.471708606,2
25.8874389,13.39298141,2
242.9683097,0.81999199,2
182.448079,-1.784311146,2
229.5395422,0.901572222,2
190.0198528,-1.450128169,2
145.1327472,-0.478697145,2
57.61395202,0.08205474,2
129.8086228,50.34388086,2
120.245148,1.275127108,2
19.75089706,14.93060436,2
149.1216458,0.708909829,2
194.8368783,-0.030795421,2
14.8390175,13.6681969,2
209.2863753,-0.778718987,2
242.8493899,1.250518125,2
197.6402559,0.251343679,2
160.9354611,-0.518903257,2
239.9711075,0.492146432,2
189.1847619,64.85467363,2
164.8936128,63.85099777,2
153.6184213,1.203435429,2
132.911915,53.31906079,2
260.6069822,25.97762765,2
151.200396,1.144910307,2
245.2427345,-0.861967916,2
132.6278658,0.5608516,2
139.7834447,0.440115194,2
146.4893745,59.48513384,2
158.1985492,-0.204757064,2
152.815157,1.111806626,2
126.0116858,-1.18579252,2
182.6827689,-0.475556745,2
193.2338205,1.188689406,2
205.9251543,-0.651537476,2
186.0409717,-1.463502711,2
161.426933,1.238715078,2
22.97530878,13.5645647,2
114.2450645,37.74389843,2
223.7893841,-0.80031287,2
160.9571864,-0.164095365,2
220.1776293,0.606597158,2
162.5437042,-0.966658134,2
151.8983501,1.117007389,2
157.7739368,62.59210832,2
218.3302856,-0.441342629,2
160.6941097,63.27790664,2
71.18318131,-0.809575344,2
140.6984524,0.537539022,2
134.5857035,57.62246565,2
161.8918531,0.694491069,2
155.7511609,-0.059961878,2
219.2550245,-1.071666534,2
213.946483,-0.730741126,2
198.166983,0.166513563,2
151.7752761,1.193547765,2
155.6918615,-2.68683534,2
49.20802134,-7.366523646,2
57.51210371,0.084886619,2
244.3308692,-0.081992824,2
172.700789,-0.590659164,2
148.9369916,0.252379383,2
110.2464537,1.364871806,2
190.6668093,0.157210424,2
177.3297734,-2.621266823,2
196.8037526,0.014988261,2
177.9370399,-1.532071448,2
177.1349861,-1.456585862,2
23.49178887,14.52940911,2
10.14547118,14.52967715,2
121.2208902,44.20216043,2
215.9644495,-0.751060473,2
55.20333274,0.954118815,2
184.4390337,-0.865052366,2
31.36562219,14.45934172,2
190.6608643,64.88575405,2
170.8197003,-0.519462134,2
148.7780969,1.116753488,2
180.5439559,-1.003930732,2
198.6784769,-1.958559269,2
28.24776614,14.46057527,2
187.8787007,-2.125610579,2
195.386103,0.633744219,2
162.2138439,-2.76613967,2
186.2859601,0.0619333,2
152.169384,-0.614487464,2
188.332555,-1.661310217,2
163.3831573,0.783737682,2
30.1422428,12.41378121,2
193.9826412,-1.598613421,2
189.2810319,0.172106934,2
166.3750693,64.04575595,2
126.9585871,48.13549476,2
128.3722396,49.16886375,2
47.51835432,-8.27835202,2
10.99554493,14.55157489,2
127.1586958,48.13400677,2
136.5957704,0.530285256,2
184.2234105,-1.324231715,2
172.1468535,-1.328790227,2
163.1870392,-0.989494851,2
193.1506758,64.71505824,2
218.5196049,-0.674836156,2
199.8619847,-0.613644941,2
121.6621206,44.89247931,2
19.88154892,14.74119066,2
150.2007575,0.245364988,2
169.9626632,-1.28172001,2
145.8983922,-0.722792561,2
175.9706218,65.14641748,2
171.1245368,67.89017129,2
160.3768942,-2.884990971,2
220.7318386,-0.721281598,2
157.4391446,-0.171598445,2
160.7770347,1.146872298,2
175.9190815,65.10983939,2
30.35024524,12.83110965,2
128.8380572,54.10693871,2
152.003467,0.356476093,2
33.24325884,14.33174784,2
139.2253715,-0.646258279,2
184.287332,0.05672133,2
181.2100376,-0.478778261,2
209.9494094,-0.897297084,2
163.9221104,-2.935581057,2
158.8834076,1.143441065,2
223.0785858,-0.740403761,2
122.1399708,45.20877223,2
199.9436702,-0.061842643,2
152.1015118,0.782162923,2
160.6307278,-0.090437475,2
177.9572791,-0.561729441,2
179.0081345,-1.599311286,2
167.0616602,64.22302722,2
123.572069,45.37009638,2
57.95084432,0.071278675,2
138.8432799,0.428167489,2
219.7610597,0.938701359,2
127.5333223,48.60578187,2
193.2333965,0.894304792,2
179.9926269,-2.232402624,2
27.37871693,12.85818986,2
215.7039911,-0.756322048,2
123.9049897,45.35869901,2
22.18096997,14.75805589,2
131.8428717,54.53204429,2
144.6734807,0.440223487,2
25.08876486,14.24784682,2
122.596649,45.83274586,2
172.3756571,-3.516180593,2
189.4220864,-0.161938599,2
230.6060272,0.53061879,2
157.1037193,62.61145117,2
215.7816068,-0.787110584,2
191.9199751,0.031807367,2
200.2773468,0.144801858,2
199.91875,0.137496533,2
171.3753976,-1.693792715,2
200.9608863,1.006510774,2
213.0907922,-0.08402657,2
195.4591326,0.099871253,2
20.14955153,14.19841739,2
241.5775719,51.48097016,2
136.5074468,55.87074104,2
21.62364058,13.75178342,2
150.5158045,0.263302327,2
26.66681167,14.27582651,2
232.5520305,0.54600351,2
171.1998632,-0.601284885,2
161.2371672,0.676347268,2
238.4851727,50.67489858,2
142.3840822,0.459604821,2
223.2262446,0.503791483,2
146.0509716,0.440112566,2
154.9733996,-0.059184316,2
189.9737839,0.151330078,2
148.8796272,0.354850328,2
161.9934842,0.788139732,2
160.0342636,-0.421625751,2
126.8245618,-0.525538727,2
222.0480833,1.038559595,2
198.6771936,-3.148713717,2
142.6582212,0.451586086,2
184.2678361,-0.623762991,2
225.0597643,0.463676133,2
233.007291,0.557852905,2
146.0786588,0.212793817,2
161.4243997,-0.431367287,2
225.8801406,0.610371112,2
226.0709354,-1.239619322,2
133.865714,0.490372204,2
151.8129651,0.673718841,2
210.4000509,-0.75989208,2
135.6881238,0.496724216,2
185.8120506,-1.725079443,2
190.1030686,-1.846368659,2
147.9489552,0.671338455,2
54.84483471,-5.588017962,2
172.9136678,-1.497818319,2
28.39098974,14.86398585,2
173.1615597,-1.498949207,2
246.9235959,0.374472903,2
202.9815388,0.199786572,2
160.5427238,-0.578468703,2
59.01146872,-4.756783442,2
126.6914539,47.98980513,2
169.6184356,-0.552162588,2
19.16436813,13.31154445,2
168.7886203,-2.843381166,2
25.88612655,14.30178245,2
192.5825137,0.898680559,2
168.5364894,-2.135038426,2
159.004988,0.705879531,2
165.3407347,-2.874069948,2
149.8107427,1.165570296,2
125.9765001,47.20160265,2
140.3303683,57.72787818,2
210.7647735,-0.712602233,2
150.2641917,1.156450907,2
122.5405581,45.46058466,2
55.82337369,0.890878856,2
112.5996633,33.39793019,2
153.3522231,-0.123722668,2
59.50869042,-5.571525354,2
110.6400719,1.295021771,2
23.2640344,13.51183644,2
55.69912836,-5.263474546,2
189.8269363,0.090702792,2
146.7063641,0.643118776,2
155.8930094,0.284993594,2
191.8289454,0.201727513,2
211.5920945,-0.820650257,2
210.9256237,-0.638245889,2
33.34596772,14.27302763,2
247.9368037,-0.925387821,2
160.4339517,-0.608481498,2
197.6532702,0.036955881,2
143.3169777,0.830988641,2
199.8008302,0.008609981,2
239.0192581,50.32116865,2
121.1592385,47.49440169,2
182.7693141,-1.027644425,2
230.2939784,0.610163608,2
170.7118249,-1.7647612,2
153.9860513,0.666078634,2
167.018059,64.2089206,2
128.0034023,49.23206245,2
22.5715025,14.65516434,2
186.9386993,0.110191762,2
11.02630564,14.53613452,2
186.3994825,-0.777260704,2
122.7937348,0.8602617,2
195.2956447,0.330402232,2
145.3392231,0.809626178,2
171.1248773,-0.528810184,2
220.5058984,0.633582076,2
54.81727455,-5.553122568,2
193.3469782,-2.125206829,2
123.1039802,46.11526973,2
58.05800088,0.176158362,2
236.1145151,52.09174404,2
200.0004717,0.094029352,2
150.1730385,1.14893456,2
190.5339257,-1.810362267,2
164.0704192,-0.080410954,2
222.5680746,-0.658151772,2
162.9109334,-2.454569041,2
159.5427711,-0.031074686,2
199.6988192,-1.062862878,2
189.6812275,-3.007824242,2
187.7322245,-1.765818946,2
153.5449684,1.243271335,2
129.8806654,51.43340272,2
212.6848214,-0.724808026,2
120.799683,43.89348609,2
122.480952,45.55169108,2
56.77946867,-5.820025388,2
132.2110306,54.5516664,2
157.8352418,-1.585071545,2
222.5000851,-0.819662855,2
183.2104371,-1.245368839,2
166.1081153,-0.512289809,2
19.90816984,14.89890642,2
56.35021344,0.98888282,2
140.8116666,0.430776477,2
150.4152484,0.314190488,2
203.7970443,0.614980939,2
159.0728153,62.88327909,2
125.5235759,51.2292737,2
20.46219362,14.89557065,2
166.8627108,64.16417787,2
155.1455719,0.329684032,2
162.3118466,-0.110588318,2
162.2132265,-0.571385797,2
14.01976064,14.52741822,2
215.4446732,0.890341434,2
54.77697993,0.223335923,2
122.8029579,45.96971225,2
154.5232917,-0.04961312,2
55.49828281,-5.306808601,2
189.0974733,-1.446022152,2
25.82506342,13.39810334,2
155.1902594,62.6221635,2
129.0801641,49.79795902,2
169.5718783,-0.453526775,2
149.1804769,0.820702081,2
131.9284253,-0.764196195,2
27.88133692,14.21599983,2
222.9675754,-0.739229292,2
192.5644936,-0.876725558,2
183.918741,-0.576045208,2
200.4512269,-0.496220223,2
25.30297986,14.41135321,2
163.7002619,-0.524365164,2
154.116462,-0.502413603,2
23.44906002,13.5756783,2
60.89626191,-5.814842107,2
57.18008187,1.013028387,2
28.11657697,13.18105773,2
166.0683255,0.791028023,2
57.61837028,0.991465693,2
198.6258451,-0.075403772,2
139.7053164,0.545264194,2
21.5275215,14.47388817,2
161.5053939,-1.500596166,2
188.6099271,64.76665335,2
155.8037912,62.65218671,2
175.5324263,64.49173976,2
55.04350609,1.036925106,2
161.9240791,-0.192753234,2
219.2423208,-0.701896752,2
158.2633803,-0.4386444,2
229.6183705,0.881992908,2
246.6201366,-0.020243893,2
58.01665176,0.036788676,2
188.0395951,-1.717471213,2
122.7323658,-0.439066232,2
185.3264985,-3.261848711,2
169.4419866,-1.996266738,2
139.8805084,57.63548997,2
208.9351357,-1.2296746,2
210.9717693,0.213031598,2
122.554801,0.951803194,2
189.8209439,0.157487399,2
132.8131404,0.594029414,2
198.4282649,-0.069847232,2
57.67497058,0.212510628,2
205.7681106,-0.64618145,2
215.3081233,-0.716433194,2
160.4909174,-2.854771418,2
192.6288916,-0.154800188,2
114.7536806,38.49482876,2
174.4171102,-0.923294015,2
236.3794923,51.96049493,2
222.8970223,0.617664424,2
28.77611156,13.99846862,2
29.09100734,14.70359207,2
195.0649894,0.181475291,2
145.981539,0.303214127,2
12.04895738,14.54303355,2
114.2323024,37.67513616,2
184.8556095,-2.12296992,2
186.2707149,-1.285606035,2
165.7556363,-0.547936004,2
148.1598875,0.771554189,2
174.1583363,-2.087514755,2
197.633274,0.036608709,2
213.818686,-0.661274277,2
194.0980841,-0.918391656,2
161.888358,-0.021317558,2
170.0219889,0.325482673,2
175.32074,1.190445757,2
20.99125257,13.73218557,2
187.1282952,0.125805949,2
198.354211,-0.075474436,2
164.4991581,0.639322752,2
179.7559445,-3.105323442,2
146.6688401,0.430650535,2
132.4709934,0.994767856,2
148.0198509,0.656759666,2
162.7744929,0.23550446,2
126.2635064,47.4687055,2
166.9832776,-0.199106197,2
170.8555747,-3.506975268,2
159.9976955,-2.835651622,2
148.607195,0.293083115,2
233.5439614,53.67411668,2
155.8558121,62.24720816,2
199.827454,0.376176332,2
185.4481335,0.015136137,2
22.74494638,14.70723625,2
139.5805489,57.49023662,2
151.6572077,0.359405177,2
239.1151169,50.24860086,2
219.6364994,-1.147599576,2
192.6142626,64.59784857,2
148.5985988,0.263998176,2
10.55816398,14.28681482,2
244.1624119,-0.889893127,2
173.4601504,-2.5515192,2
165.8603854,-0.118283328,2
56.16826112,0.866996096,2
188.4467492,-1.814953549,2
167.8574625,-0.925459355,2
239.6400125,-0.074550914,2
145.3209317,0.771110881,2
124.5661725,46.11674863,2
150.0466628,0.803499785,2
168.9489668,-0.969638467,2
190.196177,-0.476785571,2
233.4283524,53.7394854,2
131.664615,51.7006057,2
210.6115314,-0.698754507,2
10.40376342,14.62001302,2
146.6601978,59.75758897,2
122.1650035,45.39791778,2
223.540611,0.598501883,2
160.6108213,-2.452746939,2
162.3513871,63.90136884,2
58.42782397,0.932018225,2
194.5774916,-0.77532285,2
140.3712647,-1.061967353,2
155.1467162,-2.587635938,2
246.6568574,47.41284723,2
197.0850649,0.350606143,2
237.8930385,51.05637988,2
193.260197,-2.073159369,2
56.8360382,0.968212288,2
169.9842248,-0.6187657,2
80.74632482,3.100218297,2
199.3026886,0.504502425,2
86.90246034,-0.004947124,2
122.3172764,45.54709368,2
193.2272316,-0.098823963,2
27.0558943,13.27963881,2
165.4456321,-0.588314061,2
189.9939131,-0.670777892,2
56.46756138,0.87389269,2
162.4041182,-0.012108145,2
154.6102928,-0.008206029,2
58.76403936,-4.835815739,2
131.2553034,55.68380555,2
225.2306761,0.591534438,2
124.018779,-1.152376609,2
173.2430639,-0.429266556,2
57.86546331,0.149956863,2
191.213353,64.85691873,2
177.2862976,-2.532208695,2
197.1416799,-0.362402759,2
172.5848693,-0.15748087,2
180.9700859,-0.491278511,2
61.54624741,-6.124509092,2
167.2567914,-0.058416492,2
170.2072968,1.229040294,2
189.9097261,-1.682602111,2
157.0408243,62.63099451,2
55.11606188,0.900120718,2
151.3516533,0.2662321,2
175.5844283,-0.204532006,2
154.9725778,0.407938082,2
123.7259223,46.78725311,2
199.561316,0.085557822,2
139.7580561,0.574614843,2
234.5443199,0.47798128,2
124.9001667,46.31609604,2
148.1728626,0.301971691,2
121.1409426,44.40453997,2
161.5206768,-1.994421819,2
123.8158761,45.47361452,2
21.41914736,14.83509474,2
149.244792,0.256525237,2
187.0821935,0.331031678,2
56.65403176,1.024267937,2
158.4964422,0.232966084,2
176.9925319,-2.222522138,2
221.3699033,-0.695742584,2
55.34604973,0.92936529,2
194.499631,0.066685235,2
212.1057158,64.28516916,2
29.74833455,12.48193323,2
23.3875883,15.309481,2
185.8377663,0.962704066,2
194.2038651,0.143340611,2
222.5092334,0.918807924,2
218.8331066,-0.817589951,2
162.3274727,0.765141448,2
215.8797285,-0.760423822,2
174.1650954,-0.043206213,2
200.4391687,0.381648886,2
58.00020291,0.016385301,2
28.78435263,14.17122336,2
182.8007569,0.311306222,2
156.8542454,-0.065704327,2
185.9837257,-1.473231608,2
56.66196737,0.981228061,2
171.5260223,-0.112570554,2
152.6650619,-0.576749004,2
231.8774873,-0.673922062,2
202.1735979,0.031096977,2
58.28013614,0.126113106,2
165.8801589,64.09066481,2
198.4863537,-0.454743099,2
146.3400316,0.377574301,2
21.34222473,14.8387204,2
54.68342437,0.216918588,2
129.1853204,50.03415345,2
23.65755881,13.48302116,2
253.9326531,61.35338995,2
22.39191496,14.58533293,2
163.7506402,-3.180455392,2
87.20000207,-0.588222521,2
21.06125285,14.85170252,2
149.9149519,0.332812385,2
27.97315422,14.71512602,2
166.2818308,-0.169689753,2
40.38488783,0.437542437,2
188.6615993,-1.840735099,2
199.0516076,-0.615262463,2
133.9316008,53.81991747,2
26.3480466,14.2429855,2
223.6378604,-0.696544922,2
56.59213236,0.883077673,2
28.77769357,14.33058948,2
186.8412531,-2.209678348,2
143.0444024,0.462623454,2
54.66102412,-5.2862526,2
24.12681107,14.54645325,2
153.7129709,-0.206992214,2
120.281186,43.50652158,2
172.9557184,-0.565650636,2
161.8170027,-0.559084404,2
186.5990118,0.141232724,2
177.8454425,-0.564376555,2
209.5915034,-0.798857065,2
202.7208607,0.52818287,2
24.57441991,14.46493458,2
165.1781125,-0.421227915,2
56.01296143,0.959015655,2
30.29146131,14.5660464,2
162.5287953,0.301996541,2
173.4478408,-1.593531253,2
217.7784977,61.3496472,2
184.2216038,0.035389972,2
188.3068275,-1.764888862,2
81.52731016,2.896467991,2
163.2329452,0.678327437,2
167.6739919,-0.544054737,2
132.8532882,0.481602398,2
49.59467162,-6.929325247,2
186.1111769,0.008868983,2
172.472282,-1.531309534,2
246.0266354,-0.019341906,2
163.0783849,63.60105132,2
28.13901563,14.86191762,2
206.3052463,-0.700391612,2
162.2185375,0.353538002,2
234.6230086,0.041756922,2
165.0403476,-0.853184552,2
186.3328189,-1.126926326,2
121.3395543,44.55008864,2
169.2470816,65.51878902,2
169.1037278,-1.038752643,2
29.01344572,14.61521193,2
170.6799123,67.82303503,2
231.9218928,0.425440472,2
209.886903,-0.819487356,2
30.08534668,13.86205045,2
260.4630152,26.48727575,2
161.4634509,-0.125084654,2
161.7516265,63.42594617,2
190.6417647,0.130412683,2
149.0153068,1.052272581,2
161.9125888,-2.029888932,2
124.8449915,47.8248328,2
125.1959935,46.89021707,2
125.525606,47.32621361,2
166.3113239,-0.510426585,2
161.4455143,0.636441245,2
172.9564068,-0.505730566,2
194.7738851,-2.938081717,2
155.7753352,-0.200854309,2
202.5729843,0.190104846,2
123.5026042,0.914972128,2
124.1336544,1.01130463,2
195.1585011,0.573001911,2
171.3897997,-1.625609266,2
248.0644129,0.403676996,2
173.7681069,-0.968304656,2
224.0847468,0.470076438,2
186.8897226,64.79176545,2
176.9338211,-1.767084217,2
159.6958604,-2.69049346,2
211.5577522,-0.669086498,2
154.4537604,-0.523492492,2
19.791623,14.75032307,2
124.0578197,45.58727208,2
20.52909534,13.78661884,2
249.0035199,-0.939629452,2
125.8679488,-1.224686635,2
123.5611006,-0.318784274,2
232.0417508,54.37956771,2
170.8497652,0.228542536,2
174.3179267,-0.594340035,2
22.99531287,14.67173528,2
188.6321826,64.93237701,2
24.29135849,13.14096264,2
158.8686,-0.130887689,2
122.3436898,45.55513363,2
145.7026678,-0.542030101,2
149.6593367,1.057980679,2
211.0989139,-0.768890801,2
143.7799082,0.734968624,2
168.9250265,-0.988392699,2
173.2567608,-1.573061697,2
198.9957154,0.919777322,2
213.2607145,-0.636292094,2
62.06840075,-4.380864733,2
198.087249,0.116957068,2
162.1150617,-0.174799644,2
234.5931413,53.05443474,2
124.0278974,45.63655176,2
194.8284811,-0.944295884,2
203.6620095,0.154067721,2
29.17960329,14.66359132,2
9.997032532,14.72532642,2
232.7412038,0.525911984,2
122.5470061,48.46489572,2
249.4673992,44.73592201,2
231.8104101,54.40964203,2
114.0995594,37.85186986,2
155.503029,-0.061790517,2
225.0878765,0.622935158,2
174.067419,-0.157949885,2
58.31211613,0.913615891,2
162.2652403,-0.421604968,2
172.9191219,-0.44286381,2
174.3980545,-0.09696432,2
183.0431814,-1.781757571,2
150.0223993,1.202068763,2
121.3103462,44.59125801,2
132.5717614,56.66642058,2
153.4046406,-0.144330644,2
128.0385783,49.26561452,2
206.0765395,-0.715489668,2
189.1882818,0.06996375,2
55.47353808,0.940179949,2
194.8479449,-1.543045973,2
227.1270501,0.447808926,2
200.0029757,0.039105511,2
55.26592946,-5.33929159,2
167.5873705,64.37712085,2
157.8910279,-2.78672144,2
175.3554696,-0.073648706,2
165.4840988,-2.931355703,2
170.7925188,-2.575216449,2
199.1501759,-0.599422319,2
58.36251031,0.056986835,2
131.1313047,55.73004887,2
193.4502826,0.100718483,2
185.8877987,0.27065413,2
179.3195122,64.740998,2
210.8310943,-1.215686819,2
141.7554353,0.474401412,2
168.9120625,-0.447086309,2
221.0844254,0.476003052,2
121.1572691,44.39718952,2
185.6917632,0.135507384,2
212.206416,-1.110607463,2
170.8000132,67.75986901,2
237.5959771,-0.006634363,2
157.6446988,0.816092916,2
220.8416911,-0.631345209,2
156.4446105,-0.066474796,2
168.0334198,1.185175228,2
217.7451982,0.584822223,2
240.1972128,1.069755631,2
173.4698105,-1.790367961,2
225.5208151,0.524943118,2
124.0764551,-0.393737325,2
19.88949074,14.87829552,2
148.429696,0.666506683,2
167.6236591,-0.560067572,2
161.2133555,-0.533307218,2
197.774149,-1.193367713,2
184.8838186,0.934130215,2
168.3206252,-0.046312537,2
126.9716518,48.32205838,2
134.1375303,53.0576303,2
171.7741659,-0.476422237,2
169.4679129,-0.533572201,2
121.2646012,-0.433466575,2
193.7977762,-1.82028296,2
120.6410098,43.73458651,2
133.5387744,-0.841394689,2
225.5869829,-0.046529485,2
185.3991523,-1.657941294,2
10.80446815,14.66593263,2
161.5988002,-0.550141164,2
222.4258058,59.92311632,2
122.5524942,45.70272982,2
30.22539354,14.01733463,2
149.1902397,0.760229394,2
187.8598171,0.14206269,2
215.6752925,-0.780133067,2
12.90354048,14.10979562,2
167.2938833,64.24783975,2
183.1918719,0.850432244,2
213.4614348,-0.638595198,2
80.70065439,3.054115017,2
150.705757,1.176369738,2
160.6220865,0.224880233,2
157.8091396,62.73967305,2
120.6577049,43.72661701,2
165.9583392,1.231897957,2
161.8575996,1.107545763,2
14.15278608,13.64824702,2
173.5557888,-0.441492487,2
187.9238962,0.487205382,2
140.22209,0.536668451,2
150.6663491,0.395665437,2
61.4716734,-4.378093081,2
199.7862141,0.28469397,2
160.7478112,-0.055557903,2
195.8618954,-1.691676074,2
